{"task_1_loss": [1.021168828010559, 0.8405190110206604, 0.7482267022132874, 0.6976588368415833, 0.6609334945678711, 0.625728964805603, 0.6043137311935425, 0.5907055139541626, 0.573481023311615, 0.5703755617141724, 0.5707452893257141, 0.5587562918663025, 0.5505900382995605, 0.5427703261375427, 0.5449373722076416, 0.534693717956543, 0.5529021620750427, 0.529838502407074, 0.5335229635238647, 0.5312902331352234, 0.5255605578422546, 0.5305467844009399, 0.5325418710708618, 0.5301815867424011, 0.5124934911727905, 0.5129434466362, 0.5170913934707642, 0.5162611603736877, 0.5081674456596375, 0.505495011806488, 0.5074345469474792, 0.5084381103515625, 0.5083974599838257, 0.5074877142906189, 0.5021789073944092, 0.5127773880958557, 0.5026699900627136, 0.5125705599784851, 0.508622407913208, 0.5038955807685852, 0.5037857294082642], "task_2_loss": [2.974745750427246, 2.7027487754821777, 2.5327155590057373, 2.4270732402801514, 2.3451573848724365, 2.2961678504943848, 2.227917194366455, 2.1790759563446045, 2.0923280715942383, 2.056903839111328, 2.0056374073028564, 1.9546412229537964, 1.9236184358596802, 1.88327956199646, 1.858980417251587, 1.821088194847107, 1.8023279905319214, 1.785355567932129, 1.7697606086730957, 1.7331149578094482, 1.7339240312576294, 1.7060933113098145, 1.6852238178253174, 1.684094786643982, 1.6591216325759888, 1.643635869026184, 1.6265411376953125, 1.6289796829223633, 1.6110848188400269, 1.6103417873382568, 1.5858869552612305, 1.5825262069702148, 1.5684260129928589, 1.5521225929260254, 1.5484695434570312, 1.5507375001907349, 1.5294153690338135, 1.5281563997268677, 1.5178349018096924, 1.5130853652954102, 1.5171759128570557], "task_1_acc": [0.6125, 0.6836, 0.7184, 0.742, 0.7517, 0.7684, 0.7755, 0.7821, 0.7892, 0.789, 0.7879, 0.7907, 0.7964, 0.79875, 0.79585, 0.8004, 0.79295, 0.80365, 0.8034, 0.805, 0.8068, 0.80515, 0.8038, 0.8018, 0.8101, 0.8104, 0.81015, 0.81205, 0.81195, 0.81245, 0.81335, 0.8144, 0.812, 0.8159, 0.81495, 0.8103, 0.81575, 0.81045, 0.81335, 0.81475, 0.81475], "task_2_acc": [0.13, 0.14615, 0.17115, 0.18065, 0.19755, 0.20215, 0.22735, 0.24285, 0.2637, 0.2743, 0.28655, 0.3052, 0.31505, 0.32475, 0.3332, 0.33905, 0.3482, 0.35525, 0.35365, 0.3663, 0.37, 0.37825, 0.3807, 0.3829, 0.39175, 0.39135, 0.40295, 0.40405, 0.408, 0.4082, 0.41645, 0.41125, 0.42215, 0.42555, 0.4306, 0.42795, 0.43445, 0.4325, 0.43325, 0.4351, 0.44095]}