{"task_1_loss": [2.3528969287872314, 1.9233835935592651, 1.5999233722686768, 1.5086170434951782, 1.3631105422973633, 1.2968330383300781, 1.2237573862075806, 1.1672545671463013, 1.1686934232711792, 1.1251897811889648, 1.0919671058654785, 1.0536935329437256, 1.0374057292938232, 1.0283561944961548, 0.9975879788398743, 0.98848956823349, 0.986968457698822, 0.9660627245903015, 0.9534886479377747, 0.9440157413482666, 0.9406445026397705, 0.9369349479675293, 0.916639506816864, 0.9027208089828491, 0.9465113878250122, 0.9232924580574036, 0.8959240913391113, 0.8907687067985535, 0.8760815858840942, 0.9643173217773438, 0.8570165038108826, 0.8555350303649902, 0.8571040630340576, 0.8389390707015991, 0.8403552174568176, 0.8544201850891113, 0.8342052698135376, 0.8231258392333984, 0.8184455633163452, 0.8071001768112183, 0.8006466031074524], "task_2_loss": [1.0960098505020142, 0.9371899962425232, 0.7953081130981445, 0.7348291873931885, 0.6927365064620972, 0.6668171882629395, 0.6352998614311218, 0.6324834227561951, 0.6113667488098145, 0.6038540601730347, 0.5920880436897278, 0.5782475471496582, 0.5685558915138245, 0.5637862682342529, 0.5623677968978882, 0.5570856332778931, 0.544238269329071, 0.5600618720054626, 0.5525560975074768, 0.5344767570495605, 0.5506901144981384, 0.531322181224823, 0.5262449383735657, 0.5297700762748718, 0.5314369797706604, 0.5718637704849243, 0.5400662422180176, 0.5201892852783203, 0.5295330882072449, 0.51665198802948, 0.5175482034683228, 0.5134553909301758, 0.5066890716552734, 0.5225297212600708, 0.5182102918624878, 0.5311161279678345, 0.5298700928688049, 0.5165109038352966, 0.5082226395606995, 0.5049614906311035, 0.5079055428504944], "task_1_acc": [0.19155, 0.32275, 0.4161, 0.44305, 0.49585, 0.52235, 0.5435, 0.5658, 0.57235, 0.5842, 0.5885, 0.6068, 0.61035, 0.6162, 0.62385, 0.62945, 0.63165, 0.6408, 0.64575, 0.6426, 0.6492, 0.64735, 0.6483, 0.661, 0.63795, 0.64985, 0.6599, 0.66255, 0.6684, 0.63555, 0.68045, 0.67685, 0.67845, 0.68275, 0.68585, 0.6799, 0.68755, 0.69235, 0.6885, 0.69525, 0.6973], "task_2_acc": [0.60425, 0.65745, 0.7102, 0.73155, 0.7445, 0.7566, 0.76815, 0.764, 0.774, 0.7766, 0.78315, 0.7893, 0.79335, 0.79425, 0.79445, 0.79525, 0.8023, 0.7952, 0.7937, 0.80425, 0.7977, 0.80715, 0.8107, 0.80565, 0.8075, 0.7857, 0.80655, 0.80745, 0.80555, 0.81255, 0.81385, 0.8154, 0.81685, 0.81275, 0.81335, 0.8056, 0.81235, 0.81575, 0.81835, 0.81765, 0.81405]}