{"task_1_loss": [3.0204601287841797, 2.8941805362701416, 2.672041177749634, 2.509064197540283, 2.409656524658203, 2.286212682723999, 2.1982831954956055, 2.138414144515991, 2.0586392879486084, 1.9830505847930908, 1.9373856782913208, 1.8910019397735596, 1.8646631240844727, 1.8009257316589355, 1.7725517749786377, 1.7304112911224365, 1.690405249595642, 1.6824249029159546, 1.6384466886520386, 1.6184791326522827, 1.6236265897750854, 1.5762368440628052, 1.562109351158142, 1.5603440999984741, 1.544560194015503, 1.5287388563156128, 1.5135776996612549, 1.4861805438995361, 1.4822713136672974, 1.4796059131622314, 1.471651554107666, 1.4503724575042725, 1.4518895149230957, 1.4347646236419678, 1.4236258268356323, 1.421428918838501, 1.4208824634552002, 1.3989129066467285, 1.4037853479385376, 1.392026662826538, 1.3886005878448486], "task_2_loss": [0.91921466588974, 0.8012347221374512, 0.718605101108551, 0.6695573329925537, 0.6503264904022217, 0.6217578053474426, 0.6183991432189941, 0.6033993363380432, 0.5873216390609741, 0.5701003670692444, 0.5633906722068787, 0.5731455087661743, 0.5692442059516907, 0.5549594163894653, 0.5482395887374878, 0.5428133010864258, 0.5337056517601013, 0.5385857224464417, 0.5379155278205872, 0.5280727744102478, 0.5330612659454346, 0.5249215960502625, 0.523764431476593, 0.5219318866729736, 0.5197768211364746, 0.5276423692703247, 0.5159891843795776, 0.51241534948349, 0.5185189843177795, 0.5117558240890503, 0.5112837553024292, 0.5304586291313171, 0.525589108467102, 0.5093919038772583, 0.5136134624481201, 0.5262778401374817, 0.5138529539108276, 0.5183515548706055, 0.5140357613563538, 0.51229327917099, 0.5127605199813843], "task_1_acc": [0.11705, 0.1417, 0.1742, 0.1985, 0.21455, 0.2435, 0.2718, 0.27965, 0.29985, 0.3181, 0.33615, 0.34015, 0.3593, 0.3735, 0.3779, 0.392, 0.40475, 0.4021, 0.42015, 0.4276, 0.42425, 0.44195, 0.4412, 0.4419, 0.44595, 0.45155, 0.4603, 0.4665, 0.472, 0.46695, 0.47335, 0.48035, 0.4812, 0.47995, 0.48415, 0.4851, 0.4913, 0.4955, 0.49385, 0.4972, 0.4993], "task_2_acc": [0.66255, 0.7049, 0.73515, 0.75465, 0.76, 0.77195, 0.7748, 0.7802, 0.78115, 0.7896, 0.7895, 0.78805, 0.7922, 0.79355, 0.79585, 0.8024, 0.80545, 0.8011, 0.80245, 0.8071, 0.80525, 0.80825, 0.81165, 0.80915, 0.8102, 0.80735, 0.8142, 0.81385, 0.8119, 0.8152, 0.8145, 0.8095, 0.81285, 0.81825, 0.8151, 0.80895, 0.81635, 0.81565, 0.8148, 0.8152, 0.81765]}