{"task_1_loss": [1.0273665189743042, 0.8882991075515747, 0.7792033553123474, 0.7193285226821899, 0.6907101273536682, 0.6524441838264465, 0.6402503252029419, 0.658997654914856, 0.6143780946731567, 0.595814049243927, 0.5885517001152039, 0.5803527235984802, 0.5842058062553406, 0.5900352001190186, 0.5666123032569885, 0.5742906928062439, 0.5610249638557434, 0.5452266931533813, 0.5585333108901978, 0.5437803864479065, 0.5468034148216248, 0.5409260988235474, 0.5345931649208069, 0.5259509682655334, 0.5511957406997681, 0.5374453663825989, 0.5294141173362732, 0.5276899933815002, 0.5327010750770569, 0.5291591882705688, 0.5321123003959656, 0.5206443667411804, 0.5251216888427734, 0.5223905444145203, 0.5143474340438843, 0.516148567199707, 0.520314633846283, 0.5142117142677307, 0.5233703851699829, 0.5178924202919006, 0.5182225108146667], "task_2_loss": [2.248356580734253, 1.863769769668579, 1.5991408824920654, 1.419885277748108, 1.3425085544586182, 1.27479088306427, 1.2475087642669678, 1.2333734035491943, 1.1743801832199097, 1.1460658311843872, 1.1181265115737915, 1.1269829273223877, 1.0942895412445068, 1.0816054344177246, 1.0488049983978271, 1.0388309955596924, 1.1325390338897705, 1.0088905096054077, 1.0285718441009521, 0.9942837953567505, 0.993553102016449, 0.9913141131401062, 0.9609984755516052, 0.9697887897491455, 0.970282256603241, 0.9850540161132812, 0.9388774633407593, 0.9381451606750488, 0.9533200860023499, 0.9094387292861938, 0.9295298457145691, 0.9084938168525696, 0.9331247806549072, 0.9178863167762756, 0.9132358431816101, 0.8869088292121887, 0.8952242732048035, 0.8839078545570374, 0.8835391402244568, 0.8896753787994385, 0.8765104413032532], "task_1_acc": [0.6089, 0.66685, 0.7125, 0.728, 0.7414, 0.7564, 0.7601, 0.75605, 0.77185, 0.77995, 0.784, 0.7843, 0.7849, 0.7828, 0.79255, 0.78975, 0.792, 0.7982, 0.79325, 0.7972, 0.7965, 0.79915, 0.8019, 0.8046, 0.7964, 0.8006, 0.80325, 0.8028, 0.8031, 0.80305, 0.8016, 0.80535, 0.80705, 0.8055, 0.8085, 0.8105, 0.80365, 0.80945, 0.8079, 0.809, 0.81085], "task_2_acc": [0.2096, 0.31965, 0.42545, 0.49245, 0.5181, 0.53965, 0.54945, 0.55355, 0.57675, 0.58315, 0.59465, 0.58895, 0.60265, 0.6058, 0.6188, 0.6206, 0.5905, 0.63285, 0.6244, 0.6352, 0.63645, 0.6385, 0.65135, 0.6414, 0.64315, 0.64215, 0.6633, 0.6605, 0.64735, 0.6654, 0.6605, 0.6664, 0.66235, 0.6639, 0.65995, 0.6778, 0.67245, 0.677, 0.6759, 0.67765, 0.68125]}