{"task_1_loss": [1.355016827583313, 1.130151391029358, 0.9705054759979248, 0.915593147277832, 0.8734793663024902, 0.7960845828056335, 0.7711288332939148, 0.7350527048110962, 0.7169961929321289, 0.72576504945755, 0.692259669303894, 0.6984114050865173, 0.6703535318374634, 0.6516721844673157, 0.6525033116340637, 0.6479634046554565, 0.7519127726554871, 0.6319335103034973, 0.626426637172699, 0.6331923604011536, 0.6374189257621765, 0.6220437288284302, 0.6314189434051514, 0.6118124127388, 0.6063081622123718, 0.6021670699119568, 0.5972080826759338, 0.6002584099769592, 0.5865117311477661, 0.5850867033004761, 0.5907412767410278, 0.5943163633346558, 0.575689435005188, 0.5776975154876709, 0.5791839361190796, 0.5992636680603027, 0.5958564281463623, 0.5776956677436829, 0.5764332413673401, 0.5841928720474243, 0.5580914616584778], "task_2_loss": [1.3758244514465332, 1.1673672199249268, 0.9919171333312988, 0.9031745791435242, 0.8372324705123901, 0.8176087141036987, 0.7817818522453308, 0.7535870671272278, 0.725752055644989, 0.7202954888343811, 0.7179881930351257, 0.6963521242141724, 0.6917959451675415, 0.6757986545562744, 0.6756086945533752, 0.6580324769020081, 0.6665785908699036, 0.6518920063972473, 0.6384246349334717, 0.6438654065132141, 0.6366428732872009, 0.6465181708335876, 0.6216040849685669, 0.6361295580863953, 0.6189131140708923, 0.610499382019043, 0.6259757876396179, 0.6110923290252686, 0.5992505550384521, 0.6101437211036682, 0.594581127166748, 0.6141760945320129, 0.5966578125953674, 0.5901991724967957, 0.6090155839920044, 0.5913354754447937, 0.5929985642433167, 0.5901573300361633, 0.5965638756752014, 0.5898447036743164, 0.5893179774284363], "task_1_acc": [0.48695, 0.5675, 0.63555, 0.65255, 0.67315, 0.70405, 0.713, 0.7254, 0.7334, 0.72835, 0.7397, 0.7414, 0.74995, 0.75835, 0.76115, 0.75835, 0.71995, 0.76545, 0.7683, 0.7638, 0.7619, 0.77095, 0.7639, 0.7756, 0.77285, 0.77675, 0.78075, 0.7772, 0.7829, 0.7814, 0.78185, 0.776, 0.78745, 0.7861, 0.78545, 0.7755, 0.77825, 0.78785, 0.784, 0.78405, 0.7958], "task_2_acc": [0.48895, 0.5571, 0.62785, 0.66635, 0.69145, 0.70125, 0.71735, 0.72165, 0.7311, 0.7336, 0.7337, 0.7434, 0.74525, 0.74845, 0.7509, 0.75525, 0.75595, 0.758, 0.7649, 0.7618, 0.76165, 0.7584, 0.7697, 0.75845, 0.76735, 0.7732, 0.77015, 0.77485, 0.7773, 0.7756, 0.78055, 0.7669, 0.77915, 0.78275, 0.77155, 0.78305, 0.77735, 0.78145, 0.77815, 0.7826, 0.78605]}