{"task_1_loss": [3.0107388496398926, 2.8682773113250732, 2.7612571716308594, 2.7028846740722656, 2.627775192260742, 2.5376486778259277, 2.464265823364258, 2.3778421878814697, 2.255509614944458, 2.1362054347991943, 2.041597366333008, 1.972456932067871, 1.86342191696167, 1.8073636293411255, 1.7257097959518433, 1.6585736274719238, 1.5963613986968994, 1.5493969917297363, 1.5290430784225464, 1.5019291639328003, 1.4730441570281982, 1.4395101070404053, 1.408910870552063, 1.3823500871658325, 1.359913945198059, 1.347853422164917, 1.3334801197052002, 1.3425424098968506, 1.2877898216247559, 1.2982295751571655, 1.2689731121063232, 1.260236144065857, 1.269580602645874, 1.230605125427246, 1.2405247688293457, 1.2320387363433838, 1.2071713209152222, 1.1990396976470947, 1.2049554586410522, 1.1816787719726562, 1.2045942544937134], "task_2_loss": [0.9738315939903259, 0.7494977116584778, 0.6106558442115784, 0.5481653213500977, 0.5105571746826172, 0.47282612323760986, 0.44779178500175476, 0.42994385957717896, 0.4093805253505707, 0.4372108578681946, 0.4117594063282013, 0.39314866065979004, 0.4050559997558594, 0.3716830611228943, 0.3765934109687805, 0.35744917392730713, 0.3569747507572174, 0.36665335297584534, 0.3795452117919922, 0.348570853471756, 0.3443009555339813, 0.32919931411743164, 0.3344160318374634, 0.32535842061042786, 0.35647234320640564, 0.338174968957901, 0.3241228759288788, 0.33492186665534973, 0.32456791400909424, 0.3284470736980438, 0.31558096408843994, 0.3236696720123291, 0.3133445382118225, 0.3280861973762512, 0.3218379020690918, 0.3182210326194763, 0.32299038767814636, 0.3100516200065613, 0.30907702445983887, 0.3087637722492218, 0.3103701174259186], "task_1_acc": [0.12205, 0.13645, 0.15775, 0.1757, 0.1893, 0.2131, 0.2297, 0.2476, 0.27685, 0.30465, 0.3265, 0.3543, 0.38405, 0.40125, 0.42395, 0.4478, 0.4618, 0.4808, 0.4886, 0.4981, 0.50555, 0.51815, 0.52945, 0.5388, 0.54555, 0.55085, 0.5552, 0.55445, 0.57275, 0.56795, 0.57695, 0.5811, 0.578, 0.5915, 0.5894, 0.59135, 0.6001, 0.6026, 0.5996, 0.60875, 0.60275], "task_2_acc": [0.67155, 0.74835, 0.79345, 0.81485, 0.82565, 0.83995, 0.8485, 0.8538, 0.8603, 0.854, 0.85865, 0.86685, 0.8605, 0.87545, 0.87335, 0.88065, 0.88075, 0.8772, 0.8761, 0.88295, 0.88275, 0.8901, 0.8874, 0.89065, 0.88065, 0.88755, 0.89045, 0.8859, 0.89105, 0.8893, 0.89395, 0.8931, 0.8946, 0.8916, 0.8927, 0.89425, 0.89215, 0.89565, 0.89565, 0.8984, 0.89805]}