{"task_1_loss": [1.3581483364105225, 0.9896363019943237, 0.7782258987426758, 0.607994019985199, 0.561303436756134, 0.5064483284950256, 0.4716629087924957, 0.45496633648872375, 0.4379182755947113, 0.42284095287323, 0.41554754972457886, 0.4075893461704254, 0.41610273718833923, 0.40000128746032715, 0.3848595917224884, 0.37645742297172546, 0.4241400361061096, 0.36614474654197693, 0.3620518743991852, 0.35573041439056396, 0.3511240780353546, 0.3526843786239624, 0.34705013036727905, 0.3328790068626404, 0.3393767774105072, 0.33465060591697693, 0.32757022976875305, 0.323807030916214, 0.3348315954208374, 0.32499590516090393, 0.32854440808296204, 0.34614649415016174, 0.3219256103038788, 0.3245159685611725, 0.3177754580974579, 0.31306004524230957, 0.3101004362106323, 0.3067573010921478, 0.3055606186389923, 0.31433892250061035, 0.30178651213645935], "task_2_loss": [1.407731533050537, 0.9639089107513428, 0.7160664796829224, 0.6167768836021423, 0.5633530020713806, 0.5288907885551453, 0.5141435861587524, 0.48820188641548157, 0.46569135785102844, 0.494891881942749, 0.45625609159469604, 0.431728333234787, 0.4390708804130554, 0.4207134544849396, 0.44349294900894165, 0.41512298583984375, 0.41603171825408936, 0.41793784499168396, 0.3997586965560913, 0.4174230992794037, 0.3981160819530487, 0.3847304582595825, 0.38564273715019226, 0.37312009930610657, 0.3761061429977417, 0.38331320881843567, 0.4078660011291504, 0.3688558042049408, 0.3832065463066101, 0.3946145176887512, 0.36550596356391907, 0.3659539818763733, 0.363342821598053, 0.35863831639289856, 0.3528309166431427, 0.3612409234046936, 0.3588821291923523, 0.34506136178970337, 0.3430861532688141, 0.34601396322250366, 0.3449275493621826], "task_1_acc": [0.54585, 0.6755, 0.74245, 0.8001, 0.8122, 0.83275, 0.84305, 0.84815, 0.8549, 0.86005, 0.86085, 0.8649, 0.86315, 0.86825, 0.87285, 0.87535, 0.86095, 0.87885, 0.88105, 0.88185, 0.88495, 0.8835, 0.88575, 0.89015, 0.88635, 0.8893, 0.89125, 0.89365, 0.89025, 0.89315, 0.89215, 0.8868, 0.8941, 0.8917, 0.8946, 0.89665, 0.89905, 0.89995, 0.9003, 0.89615, 0.90085], "task_2_acc": [0.52525, 0.68405, 0.7594, 0.7914, 0.80975, 0.82305, 0.8257, 0.8334, 0.8436, 0.83165, 0.845, 0.8546, 0.8497, 0.85685, 0.85165, 0.85765, 0.85925, 0.85845, 0.86385, 0.85845, 0.8629, 0.8704, 0.8692, 0.87225, 0.8706, 0.86955, 0.85875, 0.87385, 0.86985, 0.86735, 0.8773, 0.8761, 0.87645, 0.88085, 0.8806, 0.8793, 0.87825, 0.88495, 0.8849, 0.88275, 0.8826]}