{"task_1_loss": [2.2989602088928223, 1.710742712020874, 1.2960437536239624, 1.0873557329177856, 1.040027141571045, 0.9390912652015686, 0.8747089505195618, 0.882531464099884, 0.802964985370636, 0.7607683539390564, 0.738393247127533, 0.716731071472168, 0.6977302432060242, 0.6942635774612427, 0.6820735335350037, 0.6478123068809509, 0.6481757760047913, 0.61811763048172, 0.6063098311424255, 0.6049634218215942, 0.6292258501052856, 0.5922697186470032, 0.5663874745368958, 0.5680087804794312, 0.5629937052726746, 0.5606440305709839, 0.5434494018554688, 0.5466101765632629, 0.5537075996398926, 0.5509968996047974, 0.5306822657585144, 0.5377715826034546, 0.5236830711364746, 0.510674238204956, 0.5536470413208008, 0.5128610730171204, 0.5028144717216492, 0.4946264922618866, 0.5110636949539185, 0.5009353756904602, 0.5082196593284607], "task_2_loss": [1.0232256650924683, 0.7916768789291382, 0.6342576742172241, 0.5639228820800781, 0.5266695618629456, 0.48914870619773865, 0.508678674697876, 0.47807568311691284, 0.45270654559135437, 0.42086321115493774, 0.41186824440956116, 0.428455114364624, 0.39612892270088196, 0.410354346036911, 0.38779640197753906, 0.4006049931049347, 0.3746216893196106, 0.3641161620616913, 0.3610290586948395, 0.36903685331344604, 0.3621843457221985, 0.38684773445129395, 0.3581249415874481, 0.35278698801994324, 0.3532443642616272, 0.35136643052101135, 0.35739967226982117, 0.339842289686203, 0.34690243005752563, 0.3516053259372711, 0.34079137444496155, 0.41070646047592163, 0.34774601459503174, 0.359477162361145, 0.33618906140327454, 0.3396984040737152, 0.3310795724391937, 0.32844725251197815, 0.3317530155181885, 0.33455920219421387, 0.35411304235458374], "task_1_acc": [0.21745, 0.41955, 0.56625, 0.6403, 0.6595, 0.6929, 0.714, 0.70695, 0.73695, 0.7548, 0.75775, 0.76545, 0.77235, 0.77335, 0.7762, 0.78955, 0.7867, 0.79605, 0.8005, 0.8016, 0.7919, 0.80665, 0.8166, 0.816, 0.8153, 0.81715, 0.8243, 0.82045, 0.81795, 0.8198, 0.82635, 0.82435, 0.83065, 0.8343, 0.81935, 0.83145, 0.83635, 0.83945, 0.83235, 0.83595, 0.8335], "task_2_acc": [0.66555, 0.735, 0.78805, 0.8126, 0.8229, 0.83845, 0.82555, 0.8394, 0.84875, 0.86015, 0.86305, 0.85685, 0.86845, 0.86195, 0.8698, 0.86575, 0.87315, 0.87715, 0.8779, 0.8753, 0.8786, 0.8704, 0.87955, 0.88085, 0.88145, 0.88175, 0.87925, 0.88505, 0.8835, 0.885, 0.88485, 0.8639, 0.88425, 0.87915, 0.88555, 0.88705, 0.8898, 0.8909, 0.8912, 0.8874, 0.8815]}