{"task_1_loss": [0.7790627479553223, 0.5754746794700623, 0.4852519929409027, 0.462490439414978, 0.38948237895965576, 0.36747968196868896, 0.3511143922805786, 0.33617016673088074, 0.33038270473480225, 0.33295243978500366, 0.33974841237068176, 0.2965347170829773, 0.3016323149204254, 0.30786606669425964, 0.3023531138896942, 0.29596343636512756, 0.2905029058456421, 0.29709509015083313, 0.28203314542770386, 0.2904558777809143, 0.28278878331184387, 0.29338642954826355, 0.2832016050815582, 0.2761513888835907, 0.28087517619132996, 0.2725618779659271, 0.27257972955703735, 0.28436198830604553, 0.2902386784553528, 0.26931777596473694, 0.2815665304660797, 0.273332417011261, 0.2753078043460846, 0.2879067659378052, 0.2758435308933258, 0.28995370864868164, 0.2684711217880249, 0.27720779180526733, 0.2814065217971802, 0.2756398022174835, 0.2862437963485718], "task_2_loss": [3.5487141609191895, 3.3424620628356934, 2.961317300796509, 2.711554527282715, 2.474790573120117, 2.332404375076294, 2.2324161529541016, 2.1172728538513184, 2.033569097518921, 2.0142922401428223, 1.9358491897583008, 1.87411367893219, 1.832051396369934, 1.7801991701126099, 1.7528159618377686, 1.6981333494186401, 1.6891008615493774, 1.6365505456924438, 1.609826922416687, 1.5997294187545776, 1.5711374282836914, 1.5367883443832397, 1.550571322441101, 1.5106046199798584, 1.489553451538086, 1.4919798374176025, 1.468367576599121, 1.4355956315994263, 1.425756573677063, 1.4294692277908325, 1.436282753944397, 1.4071670770645142, 1.399639368057251, 1.4179867506027222, 1.391984224319458, 1.3710296154022217, 1.359552025794983, 1.351151466369629, 1.3817023038864136, 1.333824634552002, 1.343542456626892], "task_1_acc": [0.74415, 0.8125, 0.84645, 0.8499, 0.87045, 0.8793, 0.88455, 0.88725, 0.88905, 0.89045, 0.88735, 0.9018, 0.8996, 0.89815, 0.9015, 0.90285, 0.9068, 0.9031, 0.9079, 0.90525, 0.90865, 0.9036, 0.90945, 0.9119, 0.9113, 0.91135, 0.91245, 0.91005, 0.907, 0.91415, 0.91045, 0.9128, 0.9124, 0.9088, 0.91345, 0.90955, 0.9152, 0.91145, 0.9101, 0.91315, 0.91055], "task_2_acc": [0.10405, 0.10875, 0.12875, 0.1574, 0.18825, 0.21345, 0.23885, 0.26755, 0.2935, 0.3087, 0.32655, 0.3522, 0.3694, 0.3851, 0.38925, 0.411, 0.41535, 0.43185, 0.4409, 0.4434, 0.45455, 0.4662, 0.46025, 0.47515, 0.483, 0.48145, 0.48915, 0.49865, 0.50575, 0.50095, 0.49845, 0.5105, 0.51385, 0.5051, 0.51155, 0.5196, 0.52415, 0.5236, 0.5214, 0.5339, 0.53115]}