{"task_1_loss": [0.8447450995445251, 0.6673974394798279, 0.5691850781440735, 0.48372918367385864, 0.4126361012458801, 0.4235323369503021, 0.3778077960014343, 0.36645981669425964, 0.3457351624965668, 0.36495742201805115, 0.33443862199783325, 0.3373878300189972, 0.3206586241722107, 0.319915235042572, 0.3099707365036011, 0.30003124475479126, 0.30434441566467285, 0.3298717737197876, 0.3011743128299713, 0.2908463478088379, 0.2909056842327118, 0.2884584069252014, 0.3043777346611023, 0.2859385907649994, 0.28166016936302185, 0.289800763130188, 0.3027908205986023, 0.2853161096572876, 0.2991846799850464, 0.2778400182723999, 0.26973068714141846, 0.2768203616142273, 0.28847968578338623, 0.2704736590385437, 0.2728509306907654, 0.2666804790496826, 0.26740360260009766, 0.27742159366607666, 0.26835909485816956, 0.2609633207321167, 0.2632536292076111], "task_2_loss": [1.9143844842910767, 1.5714466571807861, 1.1272567510604858, 0.9979660511016846, 0.8987467288970947, 0.8213261961936951, 0.7456902861595154, 0.7389093637466431, 0.68180251121521, 0.7536765336990356, 0.6510632634162903, 0.606787383556366, 0.5935232639312744, 0.5897032618522644, 0.5689265131950378, 0.5759813785552979, 0.5435923933982849, 0.5423741340637207, 0.5273027420043945, 0.53336101770401, 0.5085020661354065, 0.5078341364860535, 0.5185872316360474, 0.4911835789680481, 0.5208449959754944, 0.488721638917923, 0.4884181022644043, 0.4796152412891388, 0.5103868246078491, 0.4887095093727112, 0.45981666445732117, 0.4642530083656311, 0.45247700810432434, 0.4517282545566559, 0.46508726477622986, 0.4640752077102661, 0.48936203122138977, 0.4378407597541809, 0.43476632237434387, 0.4305412769317627, 0.43243592977523804], "task_1_acc": [0.72535, 0.78255, 0.81115, 0.8386, 0.8661, 0.8619, 0.87815, 0.8822, 0.88755, 0.8817, 0.8905, 0.88955, 0.8942, 0.8951, 0.8977, 0.90085, 0.90005, 0.8912, 0.89955, 0.9048, 0.9045, 0.9045, 0.9012, 0.9057, 0.90705, 0.9043, 0.8991, 0.90835, 0.9028, 0.9093, 0.9128, 0.9107, 0.90515, 0.91155, 0.9109, 0.9136, 0.91195, 0.90995, 0.91415, 0.9153, 0.91475], "task_2_acc": [0.3382, 0.46605, 0.6184, 0.6648, 0.69885, 0.7222, 0.7489, 0.7515, 0.77035, 0.74745, 0.7837, 0.795, 0.8011, 0.8013, 0.8096, 0.806, 0.81765, 0.81945, 0.8217, 0.8244, 0.83115, 0.8312, 0.8258, 0.83595, 0.8273, 0.83665, 0.8369, 0.84015, 0.82955, 0.83665, 0.84645, 0.8452, 0.84975, 0.8491, 0.84375, 0.8431, 0.8361, 0.85455, 0.85665, 0.8538, 0.8523]}